"V1","V2","V3","V4","V5","V6","V7","V8","V9","V10","V11","V12","V13","V14","V15","V16","V17","V18","V19","V20","V21","V22","V23","V24","V25","V26","V27","V28","V29","V30","V31","V32","V33","V34","V35","V36","V37","V38","V39","V40","V41","V42","V43","V44","V45","V46","V47","V48","V49","V50","V51","V52","V53","V54","V55","V56","V57","V58","V59","V60","V61","V62","V63","V64","V65","V66","V67","V68","V69","V70","V71","V72","V73","V74","V75","V76","V77","V78","V79","V80","V81","V82","V83","V84","V85","V86","V87","V88","V89","V90","V91","V92","V93","V94","V95","V96"
-0.311575690412639,-0.157988694904953,-0.277735838728904,-0.151170158856545,-0.270441843280253,-0.0496635654318148,-0.045272452192408,0.0377634046143844,-0.0842799529377224,0.0178916226935092,0.0689292391294471,-0.530286832654593,-0.570549411240042,-0.331053263144174,-0.0142359325588538,-0.14428784958815,-0.0450672516531285,-0.233272280891296,-0.02000548003056,0.100195418578892,0.257835933571618,0.304342990987384,0.370626102972542,0.229382250615222,0.0355067173340629,0.00718555163237143,-0.272091006588137,-0.0495648879344991,0.0907337665485461,-0.165896576232082,0.0290614773806616,-0.491558598131204,0.0527995841008027,-0.0112187901645452,0.106849563198944,0.116729562242741,0.248156842548202,0.166761309757303,0.217560958162081,0.0590256202663081,0.163475085735857,0.0967270772879385,-0.10801087917426,-0.256760825294407,-0.000858070611601161,0.00294493211187334,-0.134542711942349,-0.0671387439896419,-0.16737000619958,-0.190928783668169,-0.101111500505343,0.0159589269368729,0.0660920588631127,0.336636018758899,0.0468234090227884,0.108258934737792,-0.00522841389259945,0.108414879167021,0.0823670010418924,0.0205842460633658,0.129144382766565,0.327150406635532,0.170553038602872,0.169869835531489,-0.0309379070417967,-0.18775896323082,0.15694177439009,0.158131986779645,-0.131454561786106,-0.00172199555569321,0.305241387576205,0.0125027254824794,-0.063118488293298,0.332273809071271,0.0316622418600732,0.130456997208672,0.217542473477851,0.183608109800177,0.0556719968904213,0.172984829279078,-0.169103978395632,-0.294909468012588,-0.292082681279469,0.0798513215778494,0.273094660415711,0.339018668949276,0.181556540437527,0.343225525798746,0.1866606004696,0.429828660454234,0.115189412161121,0.0270008442754495,0.258041617767205,-0.161153214182736,0.246101351619921,-0.154429779997044
0.0865290760962742,0.0697914932164961,0.215084902386558,0.0357663344973807,0.0880809260904505,0.104493448276503,0.0476681590360439,-0.0736777360640676,-0.0204462256231826,0.107663228274469,0.0352410777063275,0.272708070676009,0.12850455507123,0.13943330211063,-0.121344822267859,-0.0684404385401729,0.0102879608502403,0.100460047764986,0.0715818749469493,-0.0478533113403475,-0.0853198731926984,-0.0920329094073376,-0.135457009802186,-0.223579802514715,-0.0597125680399506,0.0390371166568139,0.139702822711063,-0.08947843909224,0.00800856523626747,-0.175011171553414,-0.00825215072539218,0.0703081216999895,0.167777962261651,-0.087573405804025,0.00504809857124711,-0.19908647081584,-0.233371963017167,0.0414940915975998,-0.113958865326757,-0.125129665233299,0.0502867812839432,0.0017681830004868,-0.064368460858402,-0.0224742255563698,0.139131862163132,0.0479975422167564,0.071527920221581,-0.0875821432162189,0.0185137508169119,0.174003729989214,0.138705903395939,0.015306734333299,-0.131989951810704,-0.121529370679804,0.0234955522771669,-0.161540996443085,-0.0593901942281928,-0.119547050668296,-0.0632484641781019,-0.0226012394113849,0.00371562285540244,-0.0428160186366233,0.0370232003691217,0.133531383809582,0.0705729248752695,0.0312527496522139,0.221061523643755,-0.0891487299503966,-0.0760402299201803,0.051097430375416,-0.0913223457863352,-0.0507980297763041,-0.0978270556381449,-0.0532899508918808,-0.0474754968356162,0.0429471213048456,-0.195168131208444,-0.210006946407434,0.0706048437710528,0.123076282823724,0.00216621367479552,0.08896554945,-0.0179845181603477,-0.0870551877379439,-0.170926038520986,-0.0877411489699599,-0.17021166453748,-0.168738209121923,0.0194782704494062,0.0762200654216931,-0.135397966921577,0.069233271995792,0.153138601768193,0.023007481172797,-0.0877213501389293,0.129067547065705
-0.13595363733647,-0.24595333384528,-0.644633178835741,-0.236067750034284,-0.128108507878318,-0.160602497841317,-0.147247945697591,-0.102391012903571,-0.0837314697975742,0.0760910846147198,0.0495590139222523,-0.495238478944919,-0.741647978841353,-0.414942666760063,-0.22435056754504,-0.113450472666173,-0.0171978136949674,-0.214194828994458,0.0111098504040793,0.0836181897847551,0.332194999995756,0.320826908228728,0.413070309835492,0.354802281728306,0.166449179348143,-0.00802102570308023,-0.236133419415836,0.269628389415815,0.0651474873066738,0.0366704223528648,0.0997892074839411,-0.347360214594281,-0.0108306120832063,-0.0765260021758585,-0.138420017303004,0.367889788750383,0.11530544028123,0.105439026508762,0.166563973407098,0.311737076855759,-0.116137120393204,0.0617629360302453,-0.150129819233698,0.0776742596161139,-0.109447968859003,-0.126081313022761,-0.127425649947721,0.0479742181620387,-0.323760036725588,-0.36404443041704,-0.0818099029791356,0.00360504878268526,-0.272494505944281,0.111562103499568,-0.0240277056417318,0.22459201365231,0.0748093181489223,0.386787813483154,0.274436681741361,0.00507658871365917,0.10596025501823,0.109242091212777,0.143130551259987,0.0564800141819735,0.0371118389037168,-0.243992456871909,-0.0343642591232834,0.17721656859351,-0.238486532805731,-0.186043656274395,0.136115243262832,0.146134003704075,0.247033067587468,0.152537382086604,-0.125966462790465,0.425179186524451,0.333641464489271,0.253287477101208,0.0816650665869946,0.0318272769338893,-0.269124449717059,-0.190362465328918,-0.231692174990837,0.261652966661928,0.0868889833766504,0.326820616685179,0.212313080359687,-0.133280984129007,0.0607123245205554,0.0503132879245101,0.134419944660058,0.0165458441723893,0.213591235112754,-0.0883788469596472,0.0796129205675723,-0.148856244953897
0.29462870188917,0.302334178388308,1.16455442084894,0.555258619687007,0.0981925325885467,-0.0143712904025819,0.107077752263287,0.00561086838616498,0.0651932439423211,0.00893383476896792,0.00525590795707306,0.802396927833316,1.16349837686717,0.873431784086977,0.306144118591816,0.408081837167231,0.291142665638892,0.439520279633207,-0.138561847616213,-0.175896027355923,-0.873089802373236,-0.537463542334696,-0.945626006857553,-0.637623942188875,-0.0790494878887711,-0.0987812314719015,0.673491707937237,-0.364008699183013,-0.246340247892323,0.104407120360437,0.0933977117455585,0.858186518272235,-0.249734181296051,-0.00681667537927992,-0.0238885167951364,-0.473092054625812,-0.249842155053963,-0.275716889178156,-0.443341328573339,-0.655924173651599,-0.204312242586976,0.105751028215383,0.140537786475903,-0.00227638064192197,0.223779840701604,0.186518608499108,-0.0937249220360882,-0.138855431780342,0.50940304478394,0.504098977955466,0.261080722018417,-0.117607572973915,0.0650874042015383,-0.450107800455189,-0.150174390761449,-0.586840780025675,-0.226861889379157,-0.545820997362458,-0.523577228916059,-0.143448448268458,-0.501386834416678,-0.452009720185197,-0.281621051116972,-0.3446770664827,0.00854463309171513,0.761740489142433,-0.241419301602757,-0.208143926309767,-0.277178444497555,0.199197731802193,-0.683241128428846,-0.299880065360513,0.0198110711627876,-0.47921481587552,-0.0535395223960623,-0.798964878074224,-0.71698552106984,-0.687578916634667,-0.253722963511226,-0.309872057383452,0.286934266918158,0.402240353390852,0.596749613683487,-0.154522718546193,-0.203177759085774,-0.65986463598416,0.0180789838385955,-0.119766757004303,-0.301038586577149,-0.122139242378105,-0.577059804607713,-0.120288155671223,-0.62042583593951,0.0763237361771983,-0.210222334153645,-0.066429905279201
0.0521207253075605,0.1627119797794,0.404511364902709,0.0678520490956436,0.166595592664925,0.0634448595277035,-0.0338209325177181,-0.0236905641270737,0.106783254997806,0.0692487811944415,-0.0255145654641105,0.12712002535131,0.301645294847596,0.328970047678496,0.114619639142977,-0.00150521118534831,0.086319472581969,0.0181248370537435,0.0408985072998131,-0.131591824567136,-0.0565226363595691,-0.060915063165006,-0.132963669320586,-0.0144987849788979,0.0381179997319896,0.0153792382526717,0.0572824321055832,-0.146939024994344,0.157329839501784,0.0120476303289602,0.113582454613334,0.141396825312078,-0.0748320279550792,-0.0127963704642954,0.0764171789456339,-0.109117984433492,-0.124999295225109,-0.155864754743075,-0.0108482898197033,-0.0658416231108794,-0.147238854275653,0.0513343613436693,-0.090855200344341,0.135093153412911,0.0857162866519443,-0.1116138493844,0.128396832540054,-0.0389294588176228,0.14878041189178,-0.112098488451018,0.033741290694138,0.0296200551941106,-0.0915587180725121,0.039706642178675,-0.120195140119875,0.225732914894531,-0.084758214492655,-0.0980110656857703,-0.0608866268023599,-0.157284041067004,-0.0695853175913766,-0.0728855817510617,0.0118611667662619,-0.00268891212493624,0.0548759509162461,0.0185779672285497,-0.076252547689334,-0.0712554727992244,-0.0778220708628044,-0.189283175340864,-0.163137181210441,-0.143469778547704,0.0718042315427359,0.13626119901548,0.0782213291248788,-0.187815415998987,0.0232561729827048,-0.0928828399344336,-0.177216780857565,-0.0993916213158567,0.125186678413215,0.0168287584269152,0.16268585131133,-0.209988713701404,0.00927215304291851,0.0202584294792175,-0.0463801976748936,-0.0408112217358688,-0.0785299214842937,0.0406708622942245,-0.19988973218826,-0.154023214372583,-0.152333071233141,-0.0564581609090682,-0.162108633826335,0.0343168729095763
-0.0823183038479932,-0.123136073813154,-0.689923607400308,-0.206316112791177,0.0107383828047028,0.216707329494205,0.083674391202767,-0.0713827795016731,-0.104045366390751,-0.117828513685459,0.026244117845776,-0.293587130178523,-0.612079998554165,-0.388168566696018,-0.222965900484521,-0.147953743126239,-0.209747540628637,-0.207362044882392,0.0825828993750548,0.14580036904015,0.419723166942203,0.0170644189724781,0.297658865475747,0.526681592735107,0.138397275769751,-0.0814802015941976,-0.411782433675627,0.303481779605743,0.159283506523094,-0.13844658110389,0.117275348748106,-0.291444013949911,0.245123015679255,-0.100659240795927,0.012685089688213,0.24263177976629,0.10245902237043,0.139375355041912,0.23574491484996,0.371267635770339,0.220026744884062,0.00690472359449139,-0.0235727284827196,-0.0590324982199103,-0.120439726772352,-0.0113448301025436,0.134402302350058,-0.0606968350860728,-0.0558614127523671,-0.459779881432156,-0.24385792642365,0.00465289040089149,0.0562584815288656,0.13899075708729,0.168245009613432,0.196586685937553,0.0548847342457824,0.388305963234565,0.187302517291943,-0.0125172410388806,0.190810772574854,0.298476009399021,0.20736312131798,0.116729530050944,-0.0567155767792923,-0.205073004605766,-0.143804981488893,0.18722921565956,0.141187608983181,0.0546252085719687,0.547842100296287,0.12258801067046,-0.00782899736141654,0.174625264896146,0.0733517586004082,0.291128822633942,0.53664199512395,0.364123407083258,0.318617883385799,0.246271484590395,-0.164782336146438,-0.164519128708346,-0.230709672565628,-0.0121096068794686,0.137562882349416,0.321744457374042,0.117038123290504,0.1264569444319,0.0594133321655815,0.142142696855273,0.108759376930138,0.238823080957688,0.284450863959894,-0.195364932818434,0.253958462509772,-0.0869881952373555
0.0843542928939375,0.00575423102005508,0.204258277571429,-0.0193893236043172,-0.0618122387884395,0.129198073101782,-0.00261800984897095,0.0407163643870777,0.0390576601905467,0.0266462932219288,0.119432587269446,0.153382742021571,0.312306984483969,0.395535751783327,0.0260613435962855,0.036750756069062,0.0374049152259887,0.30847332830462,0.057331671992399,-0.192964804916607,-0.286702211868866,-0.0737843978850254,-0.299192175779976,-0.284597802497945,0.123296931277694,-0.11285251042779,0.252898658566127,-0.302964714940622,0.0219380553995919,0.110462123980629,0.0721905097654538,0.144617973727746,-0.0560270788602705,0.0974667312770609,-0.0416601925653006,-0.245220330589486,-0.156459250776337,-0.0870943956684238,-0.151040339270567,-0.221586212426855,-0.0137306522849154,-0.221347067192774,-0.00714972202957514,0.0514909900629967,-0.00234073455975949,0.200436164450004,-0.136667484287511,-0.0134848788513178,0.119975810389226,0.298184919896155,0.0507855474838637,0.0980293312809418,0.039402188287737,-0.164818937252639,0.10117513737254,-0.0715591866160291,-0.0399491185373837,-0.144750925208778,-0.0258747091232175,-0.108917669667256,-0.00281690776714605,-0.166611152994721,-0.110352019210804,0.0744372078162851,-0.162943263580301,0.135468340120187,-0.0378554222076751,0.0833046515673683,-0.165146241163521,0.0818877703014276,-0.0959863298617464,-0.0229919053695605,-0.0100307555597345,-0.116092178376129,0.107833656205367,-0.193712863705261,-0.32396470503393,-0.0457167195526789,-0.135883941339357,-0.0741204055593318,0.0849567714608307,0.134712064943947,0.133519114014497,-0.0959570513815921,0.0249498920620578,-0.251483380141599,-0.114943839049052,-0.010445342011826,-0.00226652869734145,-0.0908396004738606,0.03531052687142,0.0258305716223692,-0.0517031943663387,0.218517299069137,-0.206586657340347,0.11878177684026
0.113554754149938,-0.00869878128040411,0.638963941395838,0.107093144874199,0.201383124454485,-0.133787972092556,0.023464163348422,0.09160782871935,-0.0353094808487201,-0.142248327848961,-0.0848472673785614,0.476118656203209,0.451680239851941,0.453915260010268,0.124464750040153,-0.0784643762426813,0.223046689986064,0.0838418903597509,-0.316077725851859,-0.323862180842996,-0.462296842569522,-0.145877568964674,-0.339787323395973,-0.319811245045266,-0.0540917797853086,-0.0069844317786888,0.51334014723898,-0.190861763794838,-0.0852460568181322,0.133751260035238,0.0476372726295149,0.291303901213483,-0.232264222912241,-0.109165219035676,-0.163253055346313,-0.292798546186014,0.120516298002514,-0.144005925168041,-0.181683858850978,-0.450255795891928,-0.114099916922453,-0.253250939660001,0.0867991027197746,-0.135435386136878,0.0675589137790941,0.304249125141537,0.00142517230129788,0.00542554097262411,0.160273731076151,0.46892383546343,0.309118303469427,-0.148831522531923,0.220168913929898,-0.00890159845675062,0.0285134027904072,-0.110325083379928,-0.0102621259826995,-0.255850026937309,-0.237509504345444,0.0498182729032393,-0.234349101423707,-0.103729736418453,-0.0604354290457616,-0.0607169943942582,-0.124093627531744,0.254017887424407,0.0759063994442326,0.0311506928145724,0.013160187618155,0.034782011893679,-0.235493238073456,-0.0387918923746728,-0.0736042755653363,-0.192761155166218,0.211628006731602,-0.369846498410156,-0.416054245718639,-0.224449953227544,-0.337002986800025,0.013107910517515,0.236803830368495,0.145608721028546,0.299381353735407,0.0188661023857589,0.00157032190333761,-0.137441409039755,0.028261702738557,-0.0788487812518329,-0.250911935174868,-0.146006158950013,-0.249186215683343,-0.019946058724508,-0.208912507538965,0.146451029513265,0.0586556886329751,0.158296214783257
0.0849719272672173,0.119910992628769,0.475590237528769,0.109422352341013,-0.0701866662688906,0.0285181734500326,0.0180606621939259,0.0846801381260395,0.08699929140422,0.21130395634888,-0.125041547964306,0.313317581386927,0.288068268421975,0.192337861964311,-0.0675736635678638,0.217782657638807,0.266163350412584,0.181211945210993,-0.149835429461417,-0.19006355028247,-0.237299492429449,0.0138185502882262,-0.318104690962517,-0.316132318864994,-0.0586590420829743,-0.0266112750354941,0.172683753680548,-0.121702801646372,-0.249509339109115,0.0621881244228658,-0.00375972297436693,0.164422172953552,-0.154012126988075,0.0817844086852253,-0.0131661075319728,-0.198565169328935,-0.162136709859774,-0.180267274469171,-0.233721571117009,-0.171760794383204,-0.191452147422117,-0.00980356943717081,0.0439078714373242,0.0464763538378284,-0.0611211911891934,0.158189475190548,0.0523060269235122,0.0711104075319617,0.187227861120655,0.354016761037336,0.253343065951972,0.00182761247427038,-0.186129212523986,-0.058805909519131,-0.102487548346382,-0.0598243500325795,-0.0424553934173712,-0.215669533395066,-0.195805334156105,-0.0674302956070098,-0.13295664906982,-0.151945293482999,-0.190732341905004,-0.052367857209059,-0.0905175834403935,0.292938520495917,0.0119929446289427,-0.230656835589144,-0.0637543725261134,-0.0576729351640045,-0.120252957608424,0.0311670818075902,0.00918802763592922,-0.174400827984009,0.0328566553737656,-0.448024110469019,-0.221416616230631,-0.324835610654517,-0.253566889132755,-0.139927442334027,0.093529527836211,0.0486922025048245,0.318493987923852,-0.187978318846016,0.0405986001937351,-0.380501646543026,-0.0619765130421088,-0.0820093549821764,0.0203538781022758,-0.134152975418644,-0.115475256397271,-0.168416362831612,-0.0856450936195267,0.369996879261842,-0.219755909579859,-0.0776063166213393
0.092005398038667,-0.097477126297151,-0.336547192873395,-0.308229519612942,0.0407246377308649,0.01782106471544,-0.0525292018893749,-0.0129952307973605,0.0606289646181679,-0.00585497833328652,-0.0819943420203249,-0.155814808977571,-0.316299015090018,-0.0674952002265436,-0.0541889216104619,-0.0249737065738708,0.0596070485721634,-0.276524073102984,0.104991855086497,0.0892592743315049,0.0726724200344565,0.0827321627437703,0.14042810994785,0.0324035637689701,-0.08282496558646,-0.0211310263727519,0.0854724622001841,-0.0165153015555017,-0.00690022582469654,0.129837722955806,-0.0387050507404159,-0.171943584516107,-0.0242817661264689,-0.0052040461218489,0.0392705094845597,0.130575742717043,-0.0700863204737181,-0.0670801671635074,0.0358514835283331,0.115038742104252,0.144714619258471,-0.0896730352666336,-0.0397795330813449,-0.18344706130408,0.027357133343322,-0.0756797788514877,0.0456093352156232,0.097707962995545,-0.183737237039123,-0.27207320880048,-0.0315428552898145,0.0964062968116665,0.0268737860153143,0.108728814311696,0.129893843715166,-0.0519264010106053,0.301884514737364,0.0399847072508805,0.0935296679445601,0.0154325718656799,0.0725822679687981,0.210428391825911,0.11779783800566,-0.0623255471897571,0.133133107481584,0.0258882842871739,0.0328453144868074,0.0215952105458693,0.0064275251892776,-0.118617750989698,0.0729320508469536,-0.0292419800823809,0.0974843169786435,0.119491300439227,0.126780923969846,0.105900698181002,0.138716020803729,0.25967839655806,-0.0482955439538297,0.0949380831200806,-0.211824534495764,-0.105210244584936,-0.0627546388207931,0.0430562646896503,0.101965524922521,0.0751474301028581,-0.00107548181375103,0.0926040868307637,-0.177247569692606,0.0662819902236411,0.24729677278845,0.117910282030482,0.0061839613654546,-0.115788800274193,0.00671087183692822,0.102707301297662
0.365668333427377,0.117630653537752,0.955823742318708,0.616427188204226,0.146316272327199,-0.0997936498562858,-0.177916646254283,0.10395389211742,0.18402326831304,-0.0220520740291733,0.0595152039652344,0.763032339558446,0.860371311204759,0.908896099571028,0.214026008811997,0.306346915473064,0.26985717186287,0.519383460083858,-0.0992859277527054,-0.359746624037147,-0.859551979865411,-0.46291447422001,-0.918268859436718,-0.77070466803084,0.0193312804876793,0.0556675997092025,0.499520116597245,-0.637156637972461,-0.0880342937418927,0.00616056280721414,0.120104851918478,0.571790573473902,-0.0851087132063551,-0.148777864408736,-0.154425729528475,-0.493240901545477,-0.150115337121279,-0.392099248198218,-0.580305972245747,-0.607614833724315,-0.170668409505289,-0.0309409654830324,0.0682945413987817,0.0947304415667225,0.301101220672229,0.220272288638918,-0.229862927740268,-0.140469877114188,0.284185530855107,0.609737642569454,0.32468572464255,0.0076814116644297,0.0360390795605657,-0.325241008227657,0.0425351920181372,-0.626295987253963,-0.118075102173017,-0.373395167262734,-0.283250373428625,-0.232627434216015,-0.245680869508923,-0.38510068031409,-0.282291668276747,-0.019493324797887,-0.142585781946075,0.410748690505258,-0.368372906342881,-0.126838785788413,-0.0683813848866495,0.192658284417608,-0.800591346141068,-0.131003527087898,0.0951554406809945,-0.459039812144293,0.0837103100535866,-0.662258932481063,-0.494094045658337,-0.67396907416636,-0.337166171838412,-0.126549839748382,0.50967550058158,0.261508936380823,0.498902508962163,-0.0139796328330332,-0.29553397800826,-0.634626510147936,-0.160874754765528,-0.163691198591363,-0.27585285980244,-0.147984629534959,-0.404909680331482,-0.289733789832638,-0.639459902988633,0.0989077359988784,-0.295259255756056,0.305433545471708
0.169433852596216,0.119970994190407,0.245576624632421,0.165080121745515,0.0942365329491348,0.150744158305244,-0.120102205202265,0.00709434863319363,0.0944736778190879,0.0133099982375377,-0.035818130029193,0.144414575692517,0.183181261394976,0.229703634351358,0.0420247994027961,-0.0780952405494812,0.0141461679277206,0.140455805828843,0.0419150549226831,-0.0832613893283761,-0.234058008543733,0.0037251142177025,-0.133648771137469,-0.0973957265866014,0.0675939272353381,-0.162089134432109,0.0850757679913103,-0.0530591644029913,-0.143815274533433,0.143093971744258,-0.204986098010277,0.182814613702721,-0.124170833972881,0.160930068217212,0.0618799062980566,0.0234401028036202,-0.104013848827016,-0.0196484822210989,-0.129859191281914,-0.248585440474358,0.00932989764704938,0.129899828147259,0.187077417663179,-0.0403207410705343,0.0513875204241994,-0.0586370592757815,-0.0227938066215566,-0.102433540422715,-0.0100454525038282,0.0759653859174196,-0.105171601258521,-0.144722195277824,0.19861140617654,-0.130315300284784,-0.0473843235176099,-0.0445953391848862,0.0701009471065913,-0.0821289384018429,-0.178306384650543,-0.030076897027796,-0.140006105960289,-0.0895425919388034,0.0591215109646484,-0.233318238595998,0.0256495123315566,0.221293148263368,0.00861364025803774,-0.0578452445803978,-0.0460043771438928,0.132547175289024,-0.146708404041801,-0.119826836046856,-0.035728679493239,-0.00829972222444965,-0.0860522893132403,-0.2164340067633,-0.0728208722545661,-0.0907012989077264,-0.161441911109501,-0.216141059004027,-0.105234545014983,-0.123678488560102,0.0222118189360676,-0.0329070651598722,-0.061756015211794,-0.250428384828257,-0.10040807629436,-0.0256301844975291,-0.0252935714307286,-0.150863998057075,-0.0435905142871936,0.00726386712502986,0.0331032284661926,0.133715273447819,0.0631145855802618,-0.0959203888298408
-0.143382557372279,-0.0973223373734245,-0.489445207871937,-0.198216015291213,0.0392155874255418,-0.123881343459141,-0.161278306838232,-0.108018588430991,-0.0490338817362579,-0.185143704110871,0.165874823904507,-0.4171459137647,-0.359665892530795,-0.272319316138187,-0.149157052589928,-0.0340512680907049,-0.0641538643666521,-0.106393268797002,0.029179188509823,0.114319674666607,0.51198663966322,0.13257891141039,0.376015727946189,0.369798851976537,0.139847518524644,-0.0690005169204082,-0.154729621424715,0.199666209879669,0.256028872975852,-0.0618920639544552,-0.0894069458936567,-0.346526176872315,-0.147799448036424,-0.0194135817383319,0.0201222878481594,0.236482346590097,-0.09342860104778,0.0740818677434471,0.166678575050204,0.230239729920143,0.0737056390550407,-0.0805968600202483,-0.217455177612557,0.0220241952189008,-0.0762622096425299,0.00429848194279556,0.0116734397006837,0.00273522579905348,-0.229317271608023,-0.301069967101894,-0.198634443581007,-0.0204054928200869,0.077230345748074,0.0765617879855604,-0.0867079301555936,0.317542263978645,-0.0489677067572037,0.230669610299849,0.0246717055538444,0.0959991070183507,0.173003433831404,0.191646455721767,0.203312163693185,0.0338435567921145,0.0646892141984661,-0.141864216471978,0.1911331731433,0.211363119192266,-0.0289966291198916,0.171357755034754,0.402045940937511,0.0281304210817305,0.120516236689348,0.165107067742943,-0.197331220391756,0.255812375175525,0.143047466236357,0.16827165873642,0.231793031706618,0.19793646849578,-0.275096386167005,-0.28562281133558,-0.224048971728488,0.0776870016560343,0.112581179663885,0.180488544612489,-0.00326754119066396,0.196708003105352,0.155871484308962,0.189747354010845,0.165894380492503,0.182156863913403,0.32886115770862,0.0636375501520699,-0.0310489195532568,-0.0234757722904528
-0.400647282368249,-0.476790709831684,-1.61966756265727,-0.498742732599585,-0.31599037009583,-0.165585435304273,0.0416504833725985,-0.0311257397013117,-0.160249799249539,-0.0688665026927089,0.136033594805188,-1.20277060832949,-1.2033060772018,-1.25143573172159,-0.389347376401945,-0.506844729356543,-0.516769984957144,-0.527125584492531,0.0558596094549146,0.418423397350582,1.20619263917641,0.719026339883063,1.08078592645349,1.08645725439607,0.113768952712731,0.135172608054987,-0.93967037279115,0.675118731327015,0.33343175609028,-0.154804230359297,0.125439076765778,-1.0144119130065,0.430602826441529,-0.0508696689470323,-0.0986431486998599,0.644743301216351,0.318657738966275,0.573230042474311,0.737676266434382,0.772090279280902,0.18816355900453,-0.212821075573287,-0.24342088121382,-0.109422447902027,-0.315455525282867,-0.258100436584341,0.238636057187767,0.128715930337229,-0.69328204279633,-0.787044889095636,-0.311369841771707,0.218748282176508,0.0209422538293839,0.453140019975666,0.0708307371947642,0.466859400691614,0.401122568189627,0.777182601889057,0.634646325072823,0.218315916917657,0.486645641961287,0.46219746562867,0.419440948534125,0.470662129408219,0.150700564468956,-0.589926316807631,0.203638982847121,0.440211808271702,0.0439136192813126,-0.35176920203325,0.79784993681255,0.0703644623472387,-0.0937621458051815,0.550550463204007,0.0431850197193742,0.931746318181073,0.736074002226656,1.03026067990686,0.149547781932534,0.374842422849041,-0.369923848143245,-0.835152977173725,-0.832891119000115,0.115422363089624,0.184248326075466,0.727159490699531,0.331934576523323,0.419639671934029,0.47998597880093,0.473084621820227,0.581466446875591,0.0633757427786975,0.562026162935932,-0.376192513721309,0.487226023776094,-0.269895090894519
0.174861092208471,-0.0404456644366876,0.820491795475264,0.429216022746035,-0.0887381522109135,0.0746074471768301,-0.00308544125523421,0.0219854266470851,0.0669819221088514,-0.0853599330231589,-0.0996378935727762,0.779474252711314,0.637280101271068,0.675201499533121,0.227703765360881,0.212071269367018,0.153266400751955,0.173415923462415,-0.00620987894140801,-0.282678548195409,-0.768386230478938,-0.199365477638475,-0.627757623474511,-0.735057695412434,-0.219532729289692,-0.0888430800829922,0.619177414300852,-0.139834311791769,-0.303959653605617,0.132767308554534,0.166639200089165,0.37686160091636,-0.366828970112876,0.0811507511666416,0.0112683273803292,-0.428556027317766,-0.218364689119797,-0.350858030290739,-0.339421119900067,-0.479832030911558,-0.238308814101156,-0.00403811015610262,0.0541114959983375,0.131471066185738,-0.183542281769541,-0.0771731552848101,0.00488901690263592,0.00424089511815692,0.477761394048219,0.57964854572666,0.19592148908667,-0.232902575718356,0.0177095912494725,-0.313165788865165,-0.0946847799357203,-0.307722181946939,-0.293148264693076,-0.483857553300931,-0.409917533992191,0.105208975800712,-0.309045388863416,-0.279430714363686,-0.320573288607566,-0.161632038225608,-0.123635508028629,0.377013539484226,-0.0594749892646056,-0.220616872285955,-0.0457100550915872,-0.0813186742940597,-0.347176244992355,-0.0910428092350342,-0.0367062218252846,-0.307117794137385,0.147197556860154,-0.302855200510445,-0.430027703866104,-0.458428063239304,-0.344027484332617,-0.00189313578129982,0.120841430660594,0.366246750422309,0.594675722886038,-0.0502222014191225,-0.0821284246882946,-0.53883702388173,-0.0459835374033838,-0.20758252124965,-0.182655021603053,-0.0138765990693119,-0.175456381432465,-0.174061047036199,-0.367834512991735,0.203957865071918,-0.326007776534263,-0.0798142578476918
-0.00553659929895654,0.0177246066439083,-0.0361398916252105,-0.0545242701342566,-0.0741473407121553,-0.189014241769168,0.138570815312718,-0.0229699269452621,-0.0564503201667159,0.158861484103581,0.0786006386159816,-0.0667672492687735,0.00489312219105574,0.0222536881652256,0.0380652844317601,0.112639810029328,-0.120817386406955,0.113885658788817,-0.176344132409173,0.0889038627789583,0.101418978594016,0.0694127974259844,0.0547581157022343,-0.141650116342451,-0.082803163364895,0.130836845542749,-0.068392884370406,0.00108135081358924,-0.0363081562658802,0.333563878788281,0.120436130944239,0.0323162448617129,0.0592794813347766,0.139048017921702,0.116188699873168,0.0920817912321774,-0.0217975413958591,-0.152490006143067,0.0826538021286539,0.159410549885493,0.133279802515473,0.1107134140601,0.0532670758543744,0.157108961854915,0.0506321609538174,0.00685667183543479,-0.0308194109115139,0.14998778298269,-0.0441453956185963,0.0350367508092907,-0.157700081453941,0.148161147280467,0.0577937654843935,0.118432735639157,-0.123678342402487,-0.0173094236985203,0.00642675692849226,-0.0353626011004329,0.15287075762824,0.118624614962232,-0.0143201473519675,0.00582030282037373,-0.0928251652713554,-0.0757204088915227,0.0460394648288672,0.0235114352651489,0.0535641141720405,-0.0552059413357539,0.0562055625512628,-0.0102858335451134,-0.036462596584056,-0.172351402961989,0.128779918416703,0.100475912627701,-0.117809101844045,0.0720374503068707,0.134476221410588,-0.0578898175608511,-0.0467372750559979,-0.142786866372742,-0.0472892143385013,0.13178169840099,-0.0470025269716083,-0.0195473245307601,0.120341117696083,-0.0341598132027145,-0.0690388463291767,-0.125922318521373,-0.0470932847192763,-0.0529905426851154,-0.130432215277831,-0.00868770291235524,0.117012315038665,0.0612201177737251,-0.188739898619857,-0.0748865309955729
-0.0232909502080849,-0.146434537022591,0.0770634844722661,-0.187154925355689,0.00199125807625838,0.163775064008637,-0.0456262858866682,-0.203917962581515,-0.0651515791791725,0.180025417277876,-0.194379752667504,-0.0587434538500567,-0.143093026876554,0.11146504513051,0.14067910496171,-0.0565737160574101,-0.0306954160517707,0.0657436113870207,0.0616177525543194,-0.104280014520535,-0.13622797247691,-0.101419749696194,-0.0714535187454742,0.0600776227022379,-0.14522167477388,-0.0448605524426367,-0.0400439809869037,-0.15682692973431,-0.0333735544018301,0.101910446906588,-0.0853432832252813,0.0636183473522876,0.130482692729473,0.0442477672976208,0.0521717400526906,0.0735984362601365,-0.137542776204522,0.0724388827126811,0.044757777126889,-0.0805827223766745,-0.135434609144198,-0.0799182161707983,0.049064310950476,0.00120664817527349,0.0285315847877553,-0.0144416600486579,-0.00155999035361322,0.00264644392651945,0.0241076863153455,-0.0132579114097668,0.106835485977625,0.0166664910366678,0.0237665194571746,-0.101303203977752,-0.129125083722129,0.00650351198466276,-0.0505737189942535,0.106392402932221,-0.0305935866725551,-0.054922624747345,0.0158572378758665,0.0645025302558061,0.00444298846005188,-0.104666472923788,-0.082321037997717,-0.120172498081443,0.0716578897877775,-0.0935417177538617,-0.00502137320483486,0.0516717425807804,0.0323111700401718,0.0153749361815428,-0.107743200448531,-0.0391343227575712,-0.141041409744216,-0.133069328611668,0.0380008566374383,0.0512943882043873,0.0188373794052406,0.023856747380389,0.0239583633167485,0.0457540681020699,0.0641502686481025,0.0215855576396233,0.139659469095395,-0.0816351998181938,-0.0144110193067718,0.0272930629615708,0.0227360156023614,-0.0350884192458582,-0.0672813925648899,-0.0654172495079644,-0.163793542998453,0.0765965787495286,0.031945333989462,0.0263246675431597
0.201969045737798,0.168756990475663,0.611789922929956,0.37422304652438,0.186580052173169,0.00197235949902076,-0.0829071246805609,-0.0857183306483617,0.219012327855115,0.00877506787269962,-0.134256971578569,0.395368947461673,0.681924337408767,0.47996103954983,0.299098775504866,0.119647241709498,0.167289027261238,0.261784336781859,-0.149180184774452,-0.402240221537547,-0.625183683431808,-0.412874468867705,-0.547582495571889,-0.529327989482377,-0.055229852538203,0.00172723525187138,0.473369390081778,-0.0948660218478444,-0.197774983775967,0.140369344114473,-0.145795771507674,0.586232940650937,0.0301725502256385,-0.0966044885498617,0.136606239726619,-0.302365575872231,-0.0710062989160356,-0.185089686958308,-0.59950225593658,-0.298476709420445,0.028992394999474,-0.0593932370845536,0.200986733103092,-0.0119656188868855,0.254611368934503,0.211005403281846,-0.0437705609893528,-0.0415721981836303,0.385951238942583,0.443583528940984,0.0742859242749645,-0.00859903627745581,-0.0606822150561436,-0.288518411094353,0.00907746746639937,-0.406723454251008,-0.155094516595289,-0.217112285470085,-0.262944949985281,-0.0726840628445038,-0.13455012100155,-0.0282816910359464,-0.113882282757,-0.180386617264925,0.0290649033888622,0.223730443077619,-0.223067864100993,-0.195011714424772,0.165224051006724,0.00828320449730716,-0.451399089121177,-0.166979980442756,0.0965368705357803,-0.244179301708296,0.010640342598973,-0.240070952344779,-0.594030570273601,-0.426417955404867,-0.137409706449468,-0.200974090546289,0.187026865330032,0.240340923600779,0.316522204301938,0.0563998056255881,-0.190271957987639,-0.441368582047965,0.0749691867826111,-0.219108626377107,0.0221537487062949,-0.282260516835111,-0.343562229018232,0.000879456957213809,-0.328961609535159,0.116041017975629,-0.031773828952327,0.0889394969197407
0.270309364913544,0.0830289652239962,0.537515317156402,0.113270879612983,0.0264342124397649,-0.111617033712722,-0.0192292404874178,0.282523643372975,0.116936241664991,0.038727928094156,-0.0355383633742556,0.557068502317897,0.354878659436425,0.661061382260897,0.136336705336843,0.204866647894949,0.260719558833463,0.212734674622583,0.0231634205955716,-0.102789144720697,-0.536349698994825,-0.190962348359755,-0.373184734729042,-0.523579760046836,-0.0419144640045443,-0.136236981234062,0.236259730167558,-0.155384926276896,-0.103826181849368,0.105395495291834,0.0698302182387082,0.344020461291945,-0.0718357691465873,0.0618054962316328,0.0226697671424644,-0.253557402879956,-0.0724734159245417,-0.250496421013342,-0.403006294673881,-0.302003904812231,-0.187230134347483,-0.0033779849214971,-0.0350052037076831,0.117079359065898,0.26067824536348,0.127765640690147,0.0743349519182918,0.102104405639176,0.104213890626468,0.296600134517283,0.0798576989044534,-0.250050342171268,-0.0409646854412259,-0.173736984070212,-0.0865897023420766,-0.1738860742426,-0.335028704587858,-0.318755629366573,-0.142779873565849,-0.20285758827085,-0.145319273997789,-0.131279130805128,-0.194562129809564,-0.213281062390477,-0.122338801740676,0.229716585757151,0.0746313936492906,-0.147760088900772,-0.0796683422822118,0.21877129143835,-0.233914698658438,0.0431295932492325,0.0874036829445034,-0.261349262380703,-0.00616080418118027,-0.315347962848104,-0.312655997476284,-0.554990373424623,-0.00944237957880875,-0.0994563732608421,0.187700015600785,0.235961227201813,0.155502507947013,-0.0836001955781591,-0.232452029145171,-0.301839817932424,0.126869210789361,-0.0347371143094945,-0.20828033224006,0.0139109718582076,-0.137973898877346,-0.181371938784681,-0.291876118974266,0.0769244772922686,-0.107291646897492,-0.0681580561740048
-0.0680680439709122,0.150005461186018,0.454602378486445,0.148734986793713,0.0377589995332416,0.0732671988813349,-0.0961839128547769,0.11659349895781,-0.0563555575084724,0.154877171955128,0.00554188321340991,0.351427127992725,0.254058605247956,0.305871292843205,-0.122481856491062,0.0904490268465366,0.172598207887981,0.0530115793836978,0.0750754081413895,-0.195663544672624,-0.215941039526144,-0.287044495802245,-0.118899300789825,-0.250132879025997,-0.207160931571801,-0.0699168252747222,0.44257093225963,-0.063636708878681,-0.0348875867646341,0.0693462119979174,-0.191864943595863,0.185547974800254,0.00516389169659993,0.0930950217756637,0.0479006848589328,-0.133901165661487,-0.0393113055302082,-0.254335575482788,-0.201821034549977,-0.151537627674033,-0.0878782264824421,-0.209392767500406,0.039798788277156,0.0460181801963731,0.278683715811933,0.147530517761801,-0.0443087257451004,0.128221209935801,0.0152423509529973,0.256536131292642,0.0601001586686612,0.125491658395751,0.00221695262492989,-0.0407699882210587,-0.0321802881027795,-0.111319207692193,-0.179248778481172,-0.115263048490856,-0.104463916064953,-0.00546297148563735,-0.106735905414151,-0.179255669861071,-0.20830969873947,-0.162152569790889,-0.107061798469943,0.206469731679731,-0.0983601007686073,0.0194574355777238,-0.0445069201367833,-0.103844006437905,-0.303784412774462,0.0204844169326817,0.148618371674256,-0.158789632942133,0.0739905654094291,-0.15447232542237,-0.178158517714249,-0.207962456470399,-0.044283701007013,-0.261332758298192,0.138369576717244,0.070385461438907,0.0984197716424591,0.0943446007339423,-0.0802615420105914,-0.172241675060201,-0.175648048406659,-0.0501616367929163,-0.144984219606377,-0.188522268903391,-0.214683471673527,-0.0545705033433032,-0.0469582695846798,0.192878468172647,-0.108579436441935,0.0266142142003655
0.182061834109216,0.180024745575865,0.557880479062707,0.117170090168972,0.0970378390209608,-0.0895447489276999,0.117521216848838,0.0549977429085611,0.116746904494494,0.146786329779925,0.00184384517506296,0.379109792462239,0.649128228101107,0.576607136375568,0.188141686689248,0.0959655741056752,0.177799581151439,0.34968325736004,-0.123284900427813,-0.216906595595241,-0.708327507220134,-0.315197500137273,-0.515661902709463,-0.608824790550428,-0.232555210175453,-0.0258158918058214,0.420908566464571,-0.229480276291877,-0.0169030890784644,0.198002836175873,-0.166733090535042,0.418535294289615,-0.0315903629699792,0.0361433249963006,0.0196777300296956,-0.355020869361007,-0.131053326193208,-0.107391769237742,-0.558759034958956,-0.288178637229136,-0.0995795550769891,0.00297222831333302,0.10010927688929,0.0036676943729104,0.272940396428719,0.12058409871965,-0.131764103154697,-0.160449763846527,0.231141594312486,0.407295729087797,0.167473594061768,-0.14969356235244,0.00779276522911341,-0.225013200782021,-0.0722720621426559,-0.153836503978026,-0.0880278932646921,-0.234094687482285,-0.366953275444142,-0.164129064932164,-0.277288070121745,-0.251040139164087,-0.27589627795526,-0.129333381580832,0.000837958286869334,0.343791740058897,-0.0746766123809367,-0.0748918745721718,-0.100935100010923,0.0404390510855223,-0.357290028918264,-0.138859395529463,-0.0129299093659533,-0.353675316300539,-0.0306819832067669,-0.342097780907786,-0.423291583729088,-0.37627087595534,-0.189945853283016,0.0381526946465026,0.198550120825796,0.416905114426209,0.220619306297232,-0.0999487334184912,0.0554975220769515,-0.430661540059636,-0.173078128020896,-0.0466954985741222,-0.0291230972698557,-0.146882015135508,-0.388754211569178,0.0205598711124574,-0.366479809965315,0.13230382668347,-0.354149433805694,-0.12773975866628
0.0216574554923499,0.260996751177802,0.517660098353685,0.116470312559554,0.0402631575349998,-0.0510473489380047,0.00470038300805315,0.00366349251069199,-0.190650101173437,0.0138012478392756,-0.00251671052369909,0.598032460427509,0.553209576368932,0.301100376799176,0.266732472437504,0.156351356674045,0.176555844874358,0.149874938047215,-0.101785186708463,-0.128287970213052,-0.277611512985863,-0.347912092073753,-0.421529565431568,-0.416975553695877,0.0164742954672422,-0.045020585659569,0.443915692668708,-0.429064381031496,-0.248762662440782,-0.143244608970582,0.025436098501663,0.272086907337231,-0.0742248552960313,0.0937859687863368,0.00399789262370056,-0.320645851935552,-0.207419338532091,-0.218033253454358,-0.323444186248545,-0.3035631774048,-0.078587365094062,0.029397255829013,0.119213070762486,-0.0272079250744294,0.0839635865201848,-0.000501810993509849,-0.00919464657413097,0.012045602342382,0.148767135238418,0.292748250288279,0.119644837989223,-0.052976258573108,0.209611865388794,-0.144780578810927,-0.048809661685222,-0.185764539023295,-0.244048502408166,-0.177234637206938,-0.171493957095747,0.0114469074766404,-0.13965958997654,-0.216303925367505,-0.140637895524936,0.109628577783056,-0.000266169959531784,0.420075548714546,-0.0891511608536329,-0.114650479248913,-0.0469713193693912,0.0852889622132711,-0.453818802541142,-0.193817738452869,-0.119698227566068,-0.0160659582365619,0.189122194287778,-0.445717254433534,-0.357091301746948,-0.492975735600083,-0.182608795729378,-0.283452413563135,0.158802492218545,0.21720800424776,0.230011046238693,-0.168712163558923,0.0817161088095905,-0.45115415720748,-0.112641139673096,0.020275416519484,-0.101316570484821,-0.137839461067494,-0.240934144416492,-0.16211941355931,-0.446482154430047,0.138000893936379,-0.164993800336214,0.0310786399178071
0.0844199596415209,0.0174973792936004,0.112411090701968,-0.18349866662785,0.0953976568574851,-0.122474468176539,0.0315866411591817,0.0298738586540222,0.282917170846981,0.0784082206141012,0.0150111973443929,0.0891984234797542,-0.0209545347518248,0.0944072893373239,0.110703452793397,0.0896367703458307,-0.028205318768606,-0.043903641290376,0.0500352750030414,0.0369231404122709,-0.0093070947135305,-0.1891121308451,-0.0704554400075186,-0.126915712593532,-0.0739589090163299,-0.0630929504798049,0.0232558384965559,-0.0590631632317429,-0.0951028825651961,-0.0435123502767322,0.0553715631000723,0.0140331549689761,0.173225852557071,-0.0485146587181663,-0.115848776729672,0.00708175334133719,-0.148674012501432,0.155141844497379,-0.183672869888449,-0.00344752835285898,-0.0241772813931106,-0.0927210710878696,-0.0930762997406818,0.107132756902537,0.0635951905961643,0.10603222501026,-0.0906456372037728,-0.130126054484797,0.00884238063903996,0.325788254975649,0.32201196421916,0.291237079041676,0.0582506765274087,0.0183092835684168,-0.142095532632356,0.0253536017127412,-0.199546013032463,-0.0494016881154341,0.0112815333019561,0.0845604240414536,0.121355493295809,-0.102006189579868,-0.0780814711551591,0.0764494684781193,0.116362972134496,0.200395426000729,-0.0770691012214363,-0.0983614341470948,-0.09807708866626,-0.0351239321401097,-0.0864046659521743,-0.00561635101932803,-0.0334430954263177,-0.0890397132607292,-0.0834384168129053,0.0697851904683335,-0.0173740170200253,-0.146442802645821,-0.0427388702036006,0.0704829939158289,-0.062400701411559,-0.101284324480776,-0.0637207398652685,0.119075291923576,-0.0730819412776881,-0.0311829314261268,-0.0831756668823657,-0.104010727087058,0.110667095568946,0.0576445106265804,-0.264436695291789,0.0611268635589008,-0.0501432033600363,-0.00876416594478655,-0.0503406987325835,-0.0146877857090408
-0.510267718244198,-0.360082890768942,-1.24164001539243,-0.504975093942162,-0.329121306284005,-0.202189077679202,-0.0714940128558599,-0.110305688833923,0.024143446778087,-0.346748851625826,0.15461448269184,-1.17331167308389,-1.07507052740676,-1.2450743006211,-0.528689988040258,-0.514022478337837,-0.249502891685573,-0.653255537377689,0.0128386261057655,0.496575909529838,0.972988619567764,0.558426179084744,1.06076528012262,1.06127538569065,0.122465980956932,0.145719239471047,-0.800575512488241,0.651455747925147,0.435054025565141,-0.26680561819713,0.167475094959945,-0.852258449552916,0.215714028838656,0.089157338169274,-0.0720812756216064,0.707430670161961,0.390602626431385,0.639012798335113,0.425956213394969,0.882871330920189,0.175997902956855,-0.0763157496446675,-0.195763395268114,-0.162667542504839,-0.305390262012421,-0.341605894630258,0.18561055925289,0.162917152109535,-0.454060989842401,-0.6910679877376,-0.159395453621116,0.0869621584213742,-0.0184025385305501,0.565379008080217,0.0987916037875582,0.44449952037011,0.271120911782357,0.715601050749609,0.64807235792082,0.249422019993897,0.0909980048914984,0.42260345432824,0.459810187861772,0.384605855632022,0.143792033501913,-0.468803535357231,0.0256718794553268,0.460501191518021,0.181364022248151,-0.309040220627984,0.760379517634016,0.159977403329417,0.118651008313354,0.446217113533268,-0.0896332477034447,0.714746634819816,0.736707817982896,0.994144003834279,0.305988005426369,0.26860676496973,-0.443829520148941,-0.675268198165973,-0.654945130109037,0.0527125636306986,0.338274386532024,0.614817930666757,0.197794422930508,0.228946399277247,0.239432666045345,0.258835503561155,0.625648261901226,0.352814892681161,0.613539794434578,-0.31328234457451,0.498697149896752,-0.0225292800866752
0.269825011447847,0.173233147374432,0.405317934407177,0.115158103058663,0.119893693903615,0.0275455185524438,-0.0616963314855785,-0.0353273992683321,0.0639391628092782,-0.133671207466848,0.135901719531369,0.154237017954659,0.597177467995882,0.382798159204752,0.167094762322025,-0.0499269273613074,0.196968839586967,0.184113098387495,-0.0670189033359606,-0.260273715401136,-0.378636844703082,-0.223214721230714,-0.268424593651994,-0.269094137392914,-0.0826089067229852,-0.268623984595635,0.348526583151034,-0.166082275579329,-0.00590116088221446,0.194483152655354,-0.125659257776289,0.296814887856312,-0.138988189118858,0.086265491665088,-0.0396480049410574,-0.156481884561312,-0.0675699921362706,-0.167368941461547,-0.241339705305681,-0.151379075852299,-0.163958114871953,0.0334261400084214,0.0389352224022137,-0.059424482689208,0.142437140975532,0.0456247166271126,0.279816481835725,0.0404012352299136,0.103750601931815,0.344535348879471,0.262657953332962,0.0507254234222448,-0.0576151316910581,-0.293197351701241,0.0448588681939576,-0.136568268252316,-0.129297510309224,-0.329876098480153,-0.141337797689231,-0.0966048996178043,-0.0526200766382567,-0.113201256497454,-0.153990963254379,-0.107404256805136,-0.187333889362286,0.158378354271549,-0.0947894753370828,-0.116989254161862,-0.0665112993724255,-0.0279244909982348,-0.19214781628284,-0.318855915986893,0.146458836316276,-0.16154854997938,-0.0933695528194171,-0.182270982999728,-0.371420709175195,-0.109165903287077,-0.132797351076126,-0.0313158452645718,-0.0561266615042913,0.403326747759087,0.0547272011280503,0.0329939918780236,0.0127376236732022,-0.228772059347899,-0.1517215274809,-0.0311044426505764,-0.0121022211988211,-0.112145272014437,-0.373084408385456,-0.187550560424303,-0.244058120355173,-0.145867411178541,-0.119384031355902,-0.010969779026251
0.0650628837134089,-0.131433324633977,-0.0764022667513153,-0.0317434471801934,0.148698222579242,-0.081711738162611,-0.0582601119152224,-0.18604041170843,-0.0608962620705668,0.181568578806862,0.0437235373918638,-0.0594418139877727,0.022368439409617,-0.0082633808908485,-0.0558007683076096,-0.0463419044349289,-0.00951981183017703,0.0880286023552411,-0.0251706767460158,0.178262965725537,-0.0690267041790238,0.0585070493970007,0.12646601660698,0.145132572270556,0.131843032841832,0.0870198364143324,0.0816901690268839,-0.0694827023783438,-0.0597376217376845,0.111645951500626,0.0605652153972049,-0.0705794954230728,0.0538350561189029,0.122687845592007,0.0523209565192915,0.190823526509829,0.023056850645751,0.0677637420391385,0.0371367018460476,0.21139110862544,0.0721319630126506,-0.190468728170936,-0.0083346379267356,-0.0293908158229635,0.0634664893581648,-0.0446967367936513,-0.0451821327945514,0.11322689531069,-0.0663308847281003,-0.0788627587852289,0.0463278609034288,0.0722076074505329,0.00546045580049566,-0.0534972724471805,-0.176443099742173,-0.0240701584089187,-0.00136754456861955,-0.047335952723705,-0.117661029399856,0.166281608195797,-0.0535380767748538,-0.083889482526393,-0.00427232611695422,-0.0122575877447063,-0.128292163701473,0.014025302174658,0.110723894072552,-0.0375112657724409,0.259691377015103,-0.131101070023734,-0.0167676559551129,0.11871611336921,-0.0345999629550665,-0.0560012108232273,0.149208140051378,-0.00714188332375345,0.0347286289316346,0.0834384803741259,-0.181973632781413,0.0444894022588476,-0.124115636913319,-0.00837797520484678,0.0169175982153586,-0.0886937572214116,-0.161492839419957,-0.044116734491974,-0.106018505523241,-0.116892685625551,0.00415598787627543,0.162017208262455,-0.0134011428927967,0.126913861093523,0.0611829288965959,-0.162342028737413,0.138120555057853,0.223131386553005
0.00201822911130273,0.00206797481264869,-0.0567843702198418,0.0319689146890554,-0.0532449157714517,0.072504885758186,-0.0502905178956024,-0.131521571658552,0.00539993858699079,0.180098246129103,-0.0682362442366209,0.166492097282489,-0.178228159583239,-0.0923252901213982,0.0672767930280435,0.0010931992646345,-0.0109999169007374,-0.14584956640939,0.00154865297321977,0.0321454982034951,0.285589183007421,0.0956236983352883,0.0997091043125428,0.109756773219548,-0.270377731687395,0.0514144229627725,-0.0350434883404887,0.056884390753425,0.0644844345581249,-0.0939006198850104,-0.042120688707716,0.0245445712506088,0.0783100438644719,-0.0312011016817147,-0.00280718503496805,0.0404083726378403,-0.0330178976100323,-0.0915960043930478,0.00112097633542552,0.00798824916429981,-0.176687413733703,0.106196278824406,0.0284560001241625,-0.065700324373772,-0.122225676512182,-0.0557528058449125,0.075059975964176,-0.0833143547893015,-0.142013023962611,0.168209872844685,0.0810117292178383,-0.122137008541189,0.276635209023323,0.108460632159306,-0.0517295740421195,0.085638275011092,0.000757663994408717,0.0756743134730026,0.118331053807142,-0.0052986060874919,0.136059878233265,-0.0314579321872778,0.0446756315729818,0.202770322404733,0.0892028246743855,-0.120123721308267,-0.0408228692432101,-0.00806806257096009,-0.288103542254365,-0.10879127131311,0.114564890293389,0.0554940800885701,-0.0313599515402734,-0.00326969070755564,0.0262855956297146,0.0679232801912,0.0750468429221061,0.0831804023820089,0.0344471968626185,0.0374400585995973,-0.0365240852037093,-0.0915113143738851,-0.0312610683886723,0.0297182470691709,-0.0884689633365733,0.0466361512742357,0.108399526112735,0.179841098308996,-0.00581755630477812,0.0217952850068501,0.211790288600525,-0.135749167511164,0.0279447871616771,-0.177872362922179,-0.0227518160902731,-0.012807187819132
-0.381973499857066,-0.124855920196935,-1.02656917025807,-0.251135962692395,-0.14860917137322,-0.0508546404828911,0.14333339176335,-0.0998729710885978,-0.18000026231803,0.0446423576130034,0.0955395393429116,-0.866536044641414,-0.895953698594154,-0.793619313192605,-0.368067091279607,-0.271777032075471,-0.495448589676705,-0.309196006117318,0.182254289815518,0.403932342691744,0.818184453638888,0.427052784487224,0.840821552994641,0.760185852626129,0.289333651383874,-0.0285631999820248,-0.690082042907798,0.590310092162311,0.00545664096980422,-0.201224517532415,0.0979284869028854,-0.647097466623858,0.121489809429654,-0.0708152762038785,-0.0641514453329195,0.527601307520817,0.330352767592149,0.455296570936512,0.623545735865476,0.518559693696824,0.139985820742874,0.0716785167685155,-0.350955984962739,-0.18683661099599,-0.278695940177459,-0.146412993512845,0.24937557736869,0.1212982839268,-0.252025113171729,-0.514032877204965,-0.119089859393349,0.0874124703794175,-0.0670243458128683,0.550922250749376,0.0730218561715458,0.331182454432005,0.586774935054724,0.551141810946077,0.404800059329879,-0.0998502294096079,0.34859266958008,0.373357607111854,0.308728190866387,0.219074178934856,0.060115531478332,-0.360604488138543,0.0880864801387456,0.278878758227515,0.0995805974062307,-0.0759894578392528,0.725517651270147,0.285768044092357,0.0282314126906752,0.273297427141012,0.0246890643307751,0.637632964975479,0.738847888425365,0.715768660479359,0.131933614442756,0.303896265594099,-0.457361117944628,-0.42241900611905,-0.426657460814914,-0.137191575968188,0.265026975988099,0.445926428275032,0.121468003962194,-0.0223462755956232,0.248482368561371,0.345483099864442,0.577746583555002,0.039895581259202,0.59232122049008,-0.280521803626731,0.37858085456611,-0.274852678978511
-0.174689105053156,-0.089174765865376,-0.531725271493357,0.0386541697209549,-0.134104572593608,-0.160162680484812,-0.093659563048625,0.0838038593493561,-0.108487909838923,-0.0902579605177936,0.146240706396694,-0.229692992930528,-0.265379421190927,-0.423905983305188,-0.264740368016286,0.0498214517825613,-0.0463007881594045,-0.0630282221744142,0.0323645263545526,0.185228157551213,0.151483582353293,0.0863363455927604,0.236426814848606,0.334215348483333,-0.0182612149313585,-0.124036465390968,-0.253392547309635,0.246540286268233,0.144640744345089,0.143928293645035,0.061152721216495,-0.231688664574504,0.0632879921731558,0.00453825345964,0.0554327427595202,0.0505814545797745,0.0333950502421864,0.137169363204742,0.12837228573946,0.367388102352907,-0.161633708889357,-0.0479719643560163,-0.0700562451581631,-0.220463548393364,0.00557784636300357,0.0696584872769834,-0.106872868865504,0.0619278567963774,-0.0985640116194708,-0.125045473555393,-0.109331083191614,0.278655692949959,-0.0731221986753279,0.190716570300099,-0.0438608089737802,0.134196086790736,-0.0130990288687719,0.219626426985209,0.185112635719235,-0.0458674226636462,0.179823573100381,0.128170505737034,0.189089535738615,-0.0254769450990761,0.141921612890955,-0.107248482711251,0.0925546743471772,0.121767715834919,0.0988541289603788,-0.106149279896274,0.301998086990879,0.0853147230062137,-0.0698738520686583,0.112714435912735,-0.0719705187479387,0.201588502616674,0.421366360937077,0.00932551265465548,0.155844001256363,0.137303264909965,-0.167928684522663,0.0491584821414738,0.0846308924856561,0.0786688549635013,0.0853676959572335,0.225611453977248,-0.0360998081190609,-0.0320439837246321,0.0640406093899637,-0.0292022802687012,0.288672294405881,0.0180977686853001,0.132625106141939,-0.0881014059155384,0.217632337396473,-0.00182861920204015
0.200030430054431,0.212001033578806,0.260021951145445,0.331119117404617,0.221480518394019,0.0300790187690434,0.0809026719982554,0.0982149316985972,0.0417105653340095,-0.00157270977542269,0.0325777390549415,0.212339506208933,0.323548037012414,0.21094456852502,0.0508975601949364,-0.0722493745008545,0.146935991073136,-0.0648613599283032,0.121739986439828,-0.0418824989266176,-0.282258090285005,-0.178041147782279,-0.306930721968133,-0.313514690311184,0.122625353613349,-0.0972217766698909,0.241704913266286,-0.12078599638977,0.069997458906069,-0.0143353535004684,-0.105371412038624,0.0245362942475919,0.127182903992492,0.0606951601653582,0.0473348527951628,0.00447302936926561,0.0454608490972466,-0.0453747301661763,-0.156079829227538,-0.229238652299088,0.109051891527692,0.0728988209741429,0.0371831834883482,0.0688431759544927,0.0328575764976905,0.0242316175538647,-0.0614773643402661,-0.172096379294593,0.0711985570680398,0.137951575086815,0.102159234909114,-0.250309392112005,-0.0289840786671074,-0.0192775709803063,-0.0717924009044742,0.0187555123720982,0.0236853351422548,-0.0577619134143369,-0.14352425332545,0.0506622269247047,-0.233496073739727,-0.181577805548603,-0.136856113269614,-0.117060416992476,-0.0458960887415804,0.087632231589682,-0.0520225282483514,-0.0508205598749295,-0.0257438842002726,0.19564038144417,0.0814973475860249,-0.0551520426058391,0.0882954627724951,0.0669207302688282,0.0421934687791926,0.00931202079497151,-0.182900196203659,-0.150918107062086,-0.0650979678992219,-0.16991225894049,0.244735336346255,0.0272166117898033,0.0435502456978155,-0.0134677784857505,-0.0894309632972749,0.00359127965792946,-0.0845825853097041,0.0259555504793491,0.00801823723589228,-0.207778907627776,-0.134169360267084,-0.0925739152279447,-0.133941720951223,0.14167637915511,-0.117266787023422,-0.039530697014855
0.237948307877078,0.355446890538959,0.927004968050289,0.484083395281481,0.224308146606459,-0.0399151261681996,0.0408702459772685,0.0146289220723573,0.121015134951169,-0.0236593908500797,-0.0316251190337746,0.527703112565245,0.798503165338394,0.752417806114464,0.188936544701698,0.497267181017754,0.557553020492927,0.345879804020359,0.0729006098780886,-0.351388627364625,-0.85214245672036,-0.122968598535673,-0.61335493289945,-0.662196857339291,-0.128943338538943,0.057100893647855,0.410987185673847,-0.466532008714489,-0.392445490182667,0.0965437307907296,-0.202752385266525,0.576431231324342,-0.278060078714698,0.0682014696349094,0.100887907941686,-0.432256918784776,-0.264404667754885,-0.316697652131739,-0.319265953908636,-0.414494280542413,-0.2332822091181,0.0692792653775979,0.319764647249375,0.195868235829725,0.228262524836602,0.247327534528373,-0.148469346862716,-0.0102098494438254,0.440542589349004,0.715680309113565,0.33600100923499,-0.125516574718243,-0.02056887182023,-0.413894349768397,-0.122294833442854,-0.591505745229958,-0.210584221112119,-0.469824225219948,-0.422434228338611,0.0918203459016149,-0.171903013740711,-0.413640520180714,-0.236571501892945,-0.25247994491637,0.0453954777307137,0.148278541014234,-0.0134689327156216,-0.115824310159658,-0.0672787151526113,0.14729539355584,-0.65556192537007,-0.0407456286616654,-0.00725550970806974,-0.216462528910583,0.0748160652175134,-0.471144551831752,-0.691939220282067,-0.542941720079289,-0.33838824976998,-0.312308295637964,0.282683456993453,0.494244510007751,0.530181746192919,-0.257897967708214,-0.200964399177107,-0.44687906978261,-0.154550060417551,-0.0272809229571122,-0.362121057913044,-0.384267452520933,-0.50111371722499,-0.134217305937366,-0.399183708854868,0.38018636952132,-0.42720171297313,0.0455212871928486
0.00796990714797216,-0.116440254083611,-0.0459033317385181,0.0518625455218096,0.0833041104865978,-0.215990633233899,-0.0840091267608653,0.0380547366093924,-0.0247938900955147,-0.111863815434275,0.0677566232521636,-0.262351259422554,-0.243108490473012,-0.0410283981373823,0.0134533979190273,-0.0375498080580225,0.0717045077405161,-0.0669573081880087,0.0792039509479326,-0.0606308832712767,0.00607969747534121,-0.0187558061722403,0.12318564974176,0.00184855384686013,0.00144850682801888,-0.0125193457939136,-0.0187858648823849,0.0258256289409962,-0.0586228732186473,-0.0283976573987583,0.0341780191613611,-0.105917878533411,-0.113468781751434,0.110204290568543,0.174493751488743,-0.0290971205275407,-0.0819311445235623,0.02125540270749,0.113060995612546,0.0165461782299477,-0.139373482170531,0.15056076752085,0.0687860185510201,-0.137973785009895,-0.00178346679294034,-0.0451590309311692,0.0965847153247022,0.111115808745684,0.0569646900735717,0.0344915017528153,-0.0424788934716656,0.229019885038192,-0.065679966668733,0.0425999855447479,0.167990022308896,0.0264407252380778,0.0198494870724489,0.116023521173154,-0.100128667696714,-0.00631861382855304,-0.0205291220124149,-0.0362561860981693,-0.0528352949991981,-0.128996035139003,-0.0086801692594796,0.00189789869558106,0.0704719661951132,0.0125442559880603,0.034149833236548,0.138770790914122,0.0498061828961092,-0.0345714093229515,-0.0911365879078606,-0.0189917322450501,-0.155404164383498,0.179860795583262,0.216299899570811,0.0199980617895084,0.15549032860983,0.000886943803749053,0.057617217482614,-0.138543710315347,0.107448404232667,-0.0194780544358586,-0.0750861706988219,-0.0110391851105764,-0.00535335071317616,0.130939590971671,-0.0501163775037366,-0.0471412360176171,-0.018796907199815,-0.0369877547381859,-0.0720023520889106,-0.0297952024328724,0.208046622258035,-0.0658567538160357
